"Date","Simple Date","Outdoor Temperature (°C)","Feels Like (°C)","Dew Point (°C)","Wind Speed (km/hr)","Wind Gust (km/hr)","Max Daily Gust (km/hr)","Wind Direction (°)","Rain Rate (mm/hr)","Daily Rain (mm)","Weekly Rain (mm)","Monthly Rain (mm)","Total Rain (mm)","Relative Pressure (hPa)","Humidity (%)","Ultra-Violet Radiation Index","Solar Radiation (W/m^2)","Indoor Temperature (°C)","Indoor Humidity (%)","Outdoor Battery","Absolute Pressure (hPa)","CO2 battery","Indoor Feels Like (°C)","Indoor Dew Point (°C)"
2025-12-09T10:40:00-05:00,2025-12-09 10:40:00,17.3,17.3,-8.8,0,0,3.6,245,0,0,3.6,0,182.8,1013.7,16,6,669.7,18.7,18,1,717.8,1,18.7,-6.1
2025-12-09T10:35:00-05:00,2025-12-09 10:35:00,17.3,17.3,-7.3,0,0,3.6,304,0,0,3.6,0,182.8,1014,18,6,658.6,18.7,18,1,718.1,1,18.7,-6.1
2025-12-09T10:30:00-05:00,2025-12-09 10:30:00,17.4,17.4,-7.9,0,0,3.6,255,0,0,3.6,0,182.8,1013.9,17,6,635.3,18.5,18,1,718,1,18.5,-6.3
2025-12-09T10:25:00-05:00,2025-12-09 10:25:00,17.4,17.4,-7.9,0,0,3.6,267,0,0,3.6,0,182.8,1013.8,17,6,641.2,18.5,18,1,717.9,1,18.5,-6.3
2025-12-09T10:20:00-05:00,2025-12-09 10:20:00,17.6,17.6,-5.6,0,0,3.6,273,0,0,3.6,0,182.8,1013.9,20,4,428.3,18.4,19,1,718,1,18.4,-5.7
2025-12-09T10:15:00-05:00,2025-12-09 10:15:00,17.7,17.7,-5.5,0,0,3.6,239,0,0,3.6,0,182.8,1014,20,1,129.7,18.3,19,1,718.1,1,18.3,-5.7
2025-12-09T10:10:00-05:00,2025-12-09 10:10:00,17.4,17.4,-7.9,0,0,3.6,281,0,0,3.6,0,182.8,1014.1,17,5,592.2,18.2,18,1,718.2,1,18.2,-6.5
2025-12-09T10:05:00-05:00,2025-12-09 10:05:00,17.1,17.1,-8.9,0,0,3.6,260,0,0,3.6,0,182.8,1014.1,16,5,600.5,18.1,19,1,718.2,1,18.1,-5.9
2025-12-09T10:00:00-05:00,2025-12-09 10:00:00,17.1,17.1,-8.9,0,0,3.6,240,0,0,3.6,0,182.8,1014.2,16,5,597.2,18,19,1,718.3,1,18,-5.9
2025-12-09T09:55:00-05:00,2025-12-09 09:55:00,17.1,17.1,-7.4,0,0,3.6,252,0,0,3.6,0,182.8,1014.2,18,5,584.1,17.8,19,1,718.3,1,17.8,-6.2
2025-12-09T09:50:00-05:00,2025-12-09 09:50:00,17.1,17.1,-8.1,0,0,3.6,240,0,0,3.6,0,182.8,1014.1,17,5,572.8,17.7,19,1,718.2,1,17.7,-6.2
2025-12-09T09:45:00-05:00,2025-12-09 09:45:00,17.4,17.4,-8.7,0,0,3.6,250,0,0,3.6,0,182.8,1014.3,16,5,558.8,17.5,20,1,718.4,1,17.5,-5.7
2025-12-09T09:40:00-05:00,2025-12-09 09:40:00,17.3,17.3,-6.6,0,0,3.6,214,0,0,3.6,0,182.8,1014.3,19,5,551.6,17.4,20,1,718.4,1,17.4,-5.8
2025-12-09T09:35:00-05:00,2025-12-09 09:35:00,17.4,17.4,-5.8,0,0,3.6,271,0,0,3.6,0,182.8,1014.3,20,5,530.2,17.2,20,1,718.4,1,17.2,-5.9
2025-12-09T09:30:00-05:00,2025-12-09 09:30:00,17.1,17.1,-7.4,0,0,3.6,257,0,0,3.6,0,182.8,1014.3,18,5,519,17,20,1,718.4,1,17,-6.1
2025-12-09T09:25:00-05:00,2025-12-09 09:25:00,17.1,17.1,-6.7,0.4,1.8,3.6,258,0,0,3.6,0,182.8,1014.3,19,4,435.3,16.9,20,1,718.4,1,16.9,-6.2
2025-12-09T09:20:00-05:00,2025-12-09 09:20:00,17.2,17.2,-7.3,0,0,3.6,266,0,0,3.6,0,182.8,1014.2,18,4,433.3,16.7,20,1,718.3,1,16.7,-6.3
2025-12-09T09:15:00-05:00,2025-12-09 09:15:00,16.9,16.9,-7.6,0,0,3.6,233,0,0,3.6,0,182.8,1014.3,18,4,479.6,16.5,20,1,718.4,1,16.5,-6.6
2025-12-09T09:10:00-05:00,2025-12-09 09:10:00,17.2,17.2,-10.5,0,0,3.6,228,0,0,3.6,0,182.8,1014.2,14,4,466.5,16.3,20,1,718.3,1,16.3,-6.7
2025-12-09T09:05:00-05:00,2025-12-09 09:05:00,16.7,16.7,-8.5,0,0,3.6,278,0,0,3.6,0,182.8,1014.3,17,4,449.1,16.1,20,1,718.4,1,16.1,-6.8
2025-12-09T09:00:00-05:00,2025-12-09 09:00:00,17,17,-9,0,0,3.6,253,0,0,3.6,0,182.8,1014.3,16,4,431.4,15.9,21,1,718.4,1,15.9,-6.4
2025-12-09T08:55:00-05:00,2025-12-09 08:55:00,18.5,18.5,-7.8,0,0,3.6,275,0,0,3.6,0,182.8,1014.2,16,4,419.2,15.7,21,1,718.3,1,15.7,-6.6
2025-12-09T08:50:00-05:00,2025-12-09 08:50:00,18,18,-8.2,0,0,3.6,288,0,0,3.6,0,182.8,1014.2,16,3,402,15.5,21,1,718.3,1,15.5,-6.7
2025-12-09T08:45:00-05:00,2025-12-09 08:45:00,19,19,-3.8,0,0,3.6,291,0,0,3.6,0,182.8,1014.1,21,3,386.6,15.3,21,1,718.2,1,15.3,-6.9
2025-12-09T08:40:00-05:00,2025-12-09 08:40:00,18.8,18.8,-5.3,0,0,3.6,305,0,0,3.6,0,182.8,1014.3,19,3,372.1,15.2,21,1,718.4,1,15.2,-6.9
2025-12-09T08:35:00-05:00,2025-12-09 08:35:00,18.2,18.2,-3.9,0,0,3.6,81,0,0,3.6,0,182.8,1014.1,22,3,360.4,15,20,1,718.2,1,15,-7.8
2025-12-09T08:30:00-05:00,2025-12-09 08:30:00,17.5,17.5,-4.5,0,0,3.6,298,0,0,3.6,0,182.8,1014,22,3,344.6,14.7,20,1,718.1,1,14.7,-8
2025-12-09T08:25:00-05:00,2025-12-09 08:25:00,17.4,17.4,-2.3,0,0,3.6,307,0,0,3.6,0,182.8,1014.2,26,3,338.3,14.5,21,1,718.3,1,14.5,-7.6
2025-12-09T08:20:00-05:00,2025-12-09 08:20:00,17,17,-3.7,0,0,3.6,297,0,0,3.6,0,182.8,1014.2,24,3,323.6,14.2,21,1,718.3,1,14.2,-7.8
2025-12-09T08:15:00-05:00,2025-12-09 08:15:00,16.1,16.1,-7.5,0,0,3.6,77,0,0,3.6,0,182.8,1014.1,19,3,311.3,14,20,1,718.2,1,14,-8.6
2025-12-09T08:10:00-05:00,2025-12-09 08:10:00,15.3,15.3,-7.5,0,0,3.6,328,0,0,3.6,0,182.8,1014.1,20,2,295.8,13.7,20,1,718.2,1,13.7,-8.8
2025-12-09T08:05:00-05:00,2025-12-09 08:05:00,14.9,14.9,-7.2,0,0,3.6,70,0,0,3.6,0,182.8,1013.9,21,2,276.5,13.4,21,1,718,1,13.4,-8.5
2025-12-09T08:00:00-05:00,2025-12-09 08:00:00,14.3,14.3,-7.1,0,0,3.6,109,0,0,3.6,0,182.8,1014.1,22,2,259.2,13.1,21,1,718.2,1,13.1,-8.7
2025-12-09T07:55:00-05:00,2025-12-09 07:55:00,13.8,13.8,-7.6,0,0,3.6,234,0,0,3.6,0,182.8,1014.1,22,2,252,12.9,21,1,718.2,1,12.9,-8.9
2025-12-09T07:50:00-05:00,2025-12-09 07:50:00,13.5,13.5,-7.8,0,0,3.6,15,0,0,3.6,0,182.8,1014,22,2,234,12.6,21,1,718.1,1,12.6,-9.2
2025-12-09T07:45:00-05:00,2025-12-09 07:45:00,13.1,13.1,-7.6,0,0,3.6,21,0,0,3.6,0,182.8,1014.2,23,2,213.3,12.3,21,1,718.3,1,12.3,-9.4
2025-12-09T07:41:00-05:00,2025-12-09 07:41:00,12.7,12.7,-8.5,0,0,3.6,181,0,0,3.6,0,182.8,1014.2,22,1,197.6,12.1,21,1,718.3,1,12.1,-9.6
2025-12-09T07:35:00-05:00,2025-12-09 07:35:00,12.3,12.3,-8.3,0,0,3.6,85,0,0,3.6,0,182.8,1014.1,23,1,180.1,11.8,21,1,718.2,1,11.8,-9.8
2025-12-09T07:30:00-05:00,2025-12-09 07:30:00,12,12,-8.5,0,0,3.6,52,0,0,3.6,0,182.8,1014.2,23,1,164.7,11.6,21,1,718.3,1,11.6,-10
2025-12-09T07:25:00-05:00,2025-12-09 07:25:00,11.7,11.7,-8.2,0,0,3.6,56,0,0,3.6,0,182.8,1014.2,24,1,149.2,11.3,21,1,718.3,1,11.3,-10.3
2025-12-09T07:20:00-05:00,2025-12-09 07:20:00,11.3,11.3,-8.6,0,0,3.6,263,0,0,3.6,0,182.8,1014.1,24,1,137.3,11.1,21,1,718.2,1,11.1,-10.4
2025-12-09T07:15:00-05:00,2025-12-09 07:15:00,10.5,10.5,-9.2,0,0,3.6,305,0,0,3.6,0,182.8,1013.9,24,0,35.8,11,21,1,718,1,11,-10.5
2025-12-09T07:10:00-05:00,2025-12-09 07:10:00,10.4,10.4,-8.8,0,0,3.6,176,0,0,3.6,0,182.8,1014,25,0,31.7,11,21,1,718.1,1,11,-10.5
2025-12-09T07:05:00-05:00,2025-12-09 07:05:00,10.3,10.3,-8.9,0,0,3.6,29,0,0,3.6,0,182.8,1014.1,25,0,33.3,11,21,1,718.2,1,11,-10.5
2025-12-09T07:00:00-05:00,2025-12-09 07:00:00,10.4,10.4,-8.8,0,0,3.6,250,0,0,3.6,0,182.8,1013.9,25,0,36.8,11,21,1,718,1,11,-10.5
2025-12-09T06:55:00-05:00,2025-12-09 06:55:00,10.1,10.1,-8,0,0,3.6,300,0,0,3.6,0,182.8,1013.9,27,0,38.3,11,21,1,718,1,11,-10.5
2025-12-09T06:50:00-05:00,2025-12-09 06:50:00,10.2,10.2,-8.9,0,0,3.6,84,0,0,3.6,0,182.8,1014,25,0,38,11,21,1,718.1,1,11,-10.5
2025-12-09T06:45:00-05:00,2025-12-09 06:45:00,10,10,-9.1,0,0,3.6,131,0,0,3.6,0,182.8,1013.8,25,0,33.9,11,20,1,717.9,1,11,-11.1
2025-12-09T06:41:00-05:00,2025-12-09 06:41:00,10,10,-9.6,0,0,3.6,342,0,0,3.6,0,182.8,1013.8,24,0,31.7,11,20,1,717.9,1,11,-11.1
2025-12-09T06:35:00-05:00,2025-12-09 06:35:00,10.1,10.1,-9.5,0,0,3.6,164,0,0,3.6,0,182.8,1013.9,24,0,27.2,10.9,20,1,718,1,10.9,-11.2
2025-12-09T06:30:00-05:00,2025-12-09 06:30:00,9.9,9.9,-9.7,0,0,3.6,120,0,0,3.6,0,182.8,1013.8,24,0,23.6,10.9,20,1,717.9,1,10.9,-11.2
2025-12-09T06:25:00-05:00,2025-12-09 06:25:00,9.9,9.9,-10.3,0,0,3.6,89,0,0,3.6,0,182.8,1013.7,23,0,20,10.9,20,1,717.8,1,10.9,-11.2
2025-12-09T06:20:00-05:00,2025-12-09 06:20:00,9.8,9.8,-9.8,0,0,3.6,72,0,0,3.6,0,182.8,1013.6,24,0,15.3,11,20,1,717.7,1,11,-11.1
2025-12-09T06:15:00-05:00,2025-12-09 06:15:00,9.5,9.5,-10.6,0,0,3.6,78,0,0,3.6,0,182.8,1013.8,23,0,11.3,11,20,1,717.9,1,11,-11.1
2025-12-09T06:10:00-05:00,2025-12-09 06:10:00,9.6,9.6,-10,0,0,3.6,63,0,0,3.6,0,182.8,1013.7,24,0,7.2,11,20,1,717.8,1,11,-11.1
2025-12-09T06:05:00-05:00,2025-12-09 06:05:00,9.5,9.5,-10.1,0,0,3.6,125,0,0,3.6,0,182.8,1013.5,24,0,3.8,11,20,1,717.6,1,11,-11.1
2025-12-09T06:00:00-05:00,2025-12-09 06:00:00,9.5,9.5,-10.6,0,0,3.6,61,0,0,3.6,0,182.8,1013.6,23,0,1.9,11.1,21,1,717.7,1,11.1,-10.4
2025-12-09T05:55:00-05:00,2025-12-09 05:55:00,9.4,9.4,-10.7,0,0,3.6,277,0,0,3.6,0,182.8,1013.5,23,0,0.7,11.2,21,1,717.6,1,11.2,-10.3
2025-12-09T05:50:00-05:00,2025-12-09 05:50:00,9.5,9.5,-10.6,0,0,3.6,21,0,0,3.6,0,182.8,1013.4,23,0,0.2,11.2,21,1,717.5,1,11.2,-10.3
2025-12-09T05:45:00-05:00,2025-12-09 05:45:00,9.5,9.5,-10.6,0,0,3.6,161,0,0,3.6,0,182.8,1013.5,23,0,0.1,11.2,21,1,717.6,1,11.2,-10.3
2025-12-09T05:40:00-05:00,2025-12-09 05:40:00,9.4,9.4,-10.2,0,0,3.6,202,0,0,3.6,0,182.8,1013.3,24,0,0,11.2,21,1,717.4,1,11.2,-10.3
2025-12-09T05:35:00-05:00,2025-12-09 05:35:00,9.5,9.5,-10.1,0,0,3.6,34,0,0,3.6,0,182.8,1013.4,24,0,0,11.2,21,1,717.5,1,11.2,-10.3
2025-12-09T05:30:00-05:00,2025-12-09 05:30:00,9.6,9.6,-10.5,0,0,3.6,268,0,0,3.6,0,182.8,1013.5,23,0,0,11.3,21,1,717.6,1,11.3,-10.3
2025-12-09T05:25:00-05:00,2025-12-09 05:25:00,9.5,9.5,-10.6,0,0,3.6,129,0,0,3.6,0,182.8,1013.2,23,0,0,11.3,21,1,717.3,1,11.3,-10.3
2025-12-09T05:20:00-05:00,2025-12-09 05:20:00,9.4,9.4,-10.7,0,0,3.6,77,0,0,3.6,0,182.8,1013.2,23,0,0,11.3,21,1,717.3,1,11.3,-10.3
2025-12-09T05:15:00-05:00,2025-12-09 05:15:00,9.3,9.3,-10.8,0,0,3.6,51,0,0,3.6,0,182.8,1013.3,23,0,0,11.3,21,1,717.4,1,11.3,-10.3
2025-12-09T05:10:00-05:00,2025-12-09 05:10:00,9.4,9.4,-10.2,0,0,3.6,281,0,0,3.6,0,182.8,1013.1,24,0,0,11.4,21,1,717.2,1,11.4,-10.2
2025-12-09T05:05:00-05:00,2025-12-09 05:05:00,9.2,9.2,-10.8,0,0,3.6,95,0,0,3.6,0,182.8,1013.2,23,0,0,11.4,21,1,717.3,1,11.4,-10.2
2025-12-09T05:00:00-05:00,2025-12-09 05:00:00,9.2,9.2,-10.3,0,0,3.6,272,0,0,3.6,0,182.8,1013.2,24,0,0,11.4,21,1,717.3,1,11.4,-10.2
2025-12-09T04:55:00-05:00,2025-12-09 04:55:00,9,9,-10.5,0,0,3.6,111,0,0,3.6,0,182.8,1013.2,24,0,0,11.4,21,1,717.3,1,11.4,-10.2
2025-12-09T04:50:00-05:00,2025-12-09 04:50:00,9.1,9.1,-10.4,0,0,3.6,71,0,0,3.6,0,182.8,1013.1,24,0,0,11.4,21,1,717.2,1,11.4,-10.2
2025-12-09T04:45:00-05:00,2025-12-09 04:45:00,9.1,9.1,-10.4,0,0,3.6,91,0,0,3.6,0,182.8,1013.3,24,0,0,11.5,21,1,717.4,1,11.5,-10.1
2025-12-09T04:40:00-05:00,2025-12-09 04:40:00,9.1,9.1,-10.9,0,0,3.6,39,0,0,3.6,0,182.8,1013.1,23,0,0,11.5,21,1,717.2,1,11.5,-10.1
2025-12-09T04:35:00-05:00,2025-12-09 04:35:00,9,9,-11,0,0,3.6,286,0,0,3.6,0,182.8,1013.2,23,0,0,11.5,21,1,717.3,1,11.5,-10.1
2025-12-09T04:30:00-05:00,2025-12-09 04:30:00,9.1,9.1,-10.9,0,0,3.6,90,0,0,3.6,0,182.8,1013.1,23,0,0,11.5,21,1,717.2,1,11.5,-10.1
2025-12-09T04:25:00-05:00,2025-12-09 04:25:00,8.9,8.9,-11.1,0,0,3.6,59,0,0,3.6,0,182.8,1013.2,23,0,0,11.6,21,1,717.3,1,11.6,-10
2025-12-09T04:20:00-05:00,2025-12-09 04:20:00,8.8,8.8,-10.7,0,0,3.6,88,0,0,3.6,0,182.8,1013.1,24,0,0,11.7,21,1,717.2,1,11.7,-9.9
2025-12-09T04:15:00-05:00,2025-12-09 04:15:00,8.9,8.9,-10.6,0,0,3.6,212,0,0,3.6,0,182.8,1013.1,24,0,0,11.7,21,1,717.2,1,11.7,-9.9
2025-12-09T04:10:00-05:00,2025-12-09 04:10:00,8.8,8.8,-10.7,0,0,3.6,88,0,0,3.6,0,182.8,1013,24,0,0,11.8,21,1,717.1,1,11.8,-9.8
2025-12-09T04:05:00-05:00,2025-12-09 04:05:00,8.9,8.9,-11.1,0,0,3.6,298,0,0,3.6,0,182.8,1013.1,23,0,0,11.8,21,1,717.2,1,11.8,-9.8
2025-12-09T04:00:00-05:00,2025-12-09 04:00:00,8.8,8.8,-11.2,0,0,3.6,106,0,0,3.6,0,182.8,1012.9,23,0,0,11.8,21,1,717,1,11.8,-9.8
2025-12-09T03:55:00-05:00,2025-12-09 03:55:00,8.8,8.8,-10.7,0,0,3.6,194,0,0,3.6,0,182.8,1013,24,0,0,11.8,21,1,717.1,1,11.8,-9.8
2025-12-09T03:50:00-05:00,2025-12-09 03:50:00,8.8,8.8,-11.2,0,0,3.6,110,0,0,3.6,0,182.8,1013,23,0,0,11.9,21,1,717.1,1,11.9,-9.7
2025-12-09T03:45:00-05:00,2025-12-09 03:45:00,8.9,8.9,-11.1,0,0,3.6,194,0,0,3.6,0,182.8,1013,23,0,0,11.9,21,1,717.1,1,11.9,-9.7
2025-12-09T03:40:00-05:00,2025-12-09 03:40:00,8.9,8.9,-10.6,0,0,3.6,219,0,0,3.6,0,182.8,1012.8,24,0,0,11.9,21,1,716.9,1,11.9,-9.7
2025-12-09T03:35:00-05:00,2025-12-09 03:35:00,9,9,-11,0,0,3.6,310,0,0,3.6,0,182.8,1013,23,0,0,11.9,21,1,717.1,1,11.9,-9.7
2025-12-09T03:30:00-05:00,2025-12-09 03:30:00,9,9,-11,0,0,3.6,99,0,0,3.6,0,182.8,1012.9,23,0,0,11.9,21,1,717,1,11.9,-9.7
2025-12-09T03:25:00-05:00,2025-12-09 03:25:00,9,9,-11,0,0,1.8,43,0,0,3.6,0,182.8,1012.9,23,0,0,11.9,21,1,717,1,11.9,-9.7
2025-12-09T03:20:00-05:00,2025-12-09 03:20:00,8.8,8.8,-10.7,0,0,1.8,117,0,0,3.6,0,182.8,1012.8,24,0,0,12,21,1,716.9,1,12,-9.7
2025-12-09T03:15:00-05:00,2025-12-09 03:15:00,9,9,-10.5,0,0,1.8,102,0,0,3.6,0,182.8,1012.9,24,0,0,12,21,1,717,1,12,-9.7
2025-12-09T03:10:00-05:00,2025-12-09 03:10:00,9.1,9.1,-10.4,0,0,1.8,205,0,0,3.6,0,182.8,1013,24,0,0,12.1,21,1,717.1,1,12.1,-9.6
2025-12-09T03:05:00-05:00,2025-12-09 03:05:00,9.1,9.1,-10.9,0,0,1.8,28,0,0,3.6,0,182.8,1013,23,0,0,12.1,20,1,717.1,1,12.1,-10.2
2025-12-09T03:00:00-05:00,2025-12-09 03:00:00,9.1,9.1,-10.4,0,0,1.8,151,0,0,3.6,0,182.8,1013,24,0,0,12.1,20,1,717.1,1,12.1,-10.2
2025-12-09T02:55:00-05:00,2025-12-09 02:55:00,9.1,9.1,-10.9,0,0,1.8,302,0,0,3.6,0,182.8,1012.9,23,0,0,12.1,20,1,717,1,12.1,-10.2
2025-12-09T02:50:00-05:00,2025-12-09 02:50:00,9.1,9.1,-10.9,0,0,1.8,95,0,0,3.6,0,182.8,1013,23,0,0,12.2,21,1,717.1,1,12.2,-9.4
2025-12-09T02:45:00-05:00,2025-12-09 02:45:00,9,9,-11,0,0,1.8,131,0,0,3.6,0,182.8,1013.1,23,0,0,12.3,20,1,717.2,1,12.3,-10.1
2025-12-09T02:40:00-05:00,2025-12-09 02:40:00,8.9,8.9,-10.6,0,0,1.8,198,0,0,3.6,0,182.8,1012.9,24,0,0,12.3,20,1,717,1,12.3,-10.1
2025-12-09T02:35:00-05:00,2025-12-09 02:35:00,9.1,9.1,-10.4,0,0,1.8,282,0,0,3.6,0,182.8,1013.1,24,0,0,12.3,20,1,717.2,1,12.3,-10.1
2025-12-09T02:30:00-05:00,2025-12-09 02:30:00,8.8,8.8,-11.2,0,0,1.8,115,0,0,3.6,0,182.8,1013,23,0,0,12.4,21,1,717.1,1,12.4,-9.3
2025-12-09T02:25:00-05:00,2025-12-09 02:25:00,9,9,-10.5,0,0,1.8,184,0,0,3.6,0,182.8,1013.1,24,0,0,12.5,21,1,717.2,1,12.5,-9.2
2025-12-09T02:20:00-05:00,2025-12-09 02:20:00,9,9,-10,0,0,1.8,290,0,0,3.6,0,182.8,1013.2,25,0,0,12.5,21,1,717.3,1,12.5,-9.2
2025-12-09T02:15:00-05:00,2025-12-09 02:15:00,9,9,-10.5,0,0,1.8,93,0,0,3.6,0,182.8,1013.4,24,0,0,12.5,20,1,717.5,1,12.5,-9.8
2025-12-09T02:10:00-05:00,2025-12-09 02:10:00,9.1,9.1,-10.9,0,0,1.8,52,0,0,3.6,0,182.8,1013.3,23,0,0,12.6,21,1,717.4,1,12.6,-9.2
2025-12-09T02:05:00-05:00,2025-12-09 02:05:00,9.1,9.1,-10.9,0,0,1.8,103,0,0,3.6,0,182.8,1013.5,23,0,0,12.7,21,1,717.6,1,12.7,-9.1
2025-12-09T02:00:00-05:00,2025-12-09 02:00:00,9.1,9.1,-10.4,0,0,1.8,72,0,0,3.6,0,182.8,1013.5,24,0,0,12.7,21,1,717.6,1,12.7,-9.1
2025-12-09T01:55:00-05:00,2025-12-09 01:55:00,9.3,9.3,-10.8,0,0,1.8,58,0,0,3.6,0,182.8,1013.6,23,0,0,12.8,20,1,717.7,1,12.8,-9.6
2025-12-09T01:50:00-05:00,2025-12-09 01:50:00,9.2,9.2,-10.8,0,0,1.8,306,0,0,3.6,0,182.8,1013.7,23,0,0,12.9,21,1,717.8,1,12.9,-8.9
2025-12-09T01:45:00-05:00,2025-12-09 01:45:00,9.3,9.3,-10.8,0,0,1.8,121,0,0,3.6,0,182.8,1013.7,23,0,0,12.9,21,1,717.8,1,12.9,-8.9
2025-12-09T01:40:00-05:00,2025-12-09 01:40:00,9.2,9.2,-11.4,0,0,0,90,0,0,3.6,0,182.8,1013.7,22,0,0,12.9,21,1,717.8,1,12.9,-8.9
2025-12-09T01:36:00-05:00,2025-12-09 01:36:00,9.3,9.3,-10.3,0,0,0,60,0,0,3.6,0,182.8,1013.8,24,0,0,12.9,21,1,717.9,1,12.9,-8.9
2025-12-09T01:30:00-05:00,2025-12-09 01:30:00,9.4,9.4,-10.7,0,0,0,98,0,0,3.6,0,182.8,1013.7,23,0,0,13,20,1,717.8,1,13,-9.4
2025-12-09T01:25:00-05:00,2025-12-09 01:25:00,9.3,9.3,-11.3,0,0,0,152,0,0,3.6,0,182.8,1013.9,22,0,0,13.1,21,1,718,1,13.1,-8.7
2025-12-09T01:20:00-05:00,2025-12-09 01:20:00,9.3,9.3,-10.8,0,0,0,303,0,0,3.6,0,182.8,1014,23,0,0,13.1,21,1,718.1,1,13.1,-8.7
2025-12-09T01:15:00-05:00,2025-12-09 01:15:00,9.4,9.4,-10.7,0,0,0,256,0,0,3.6,0,182.8,1013.8,23,0,0,13.1,20,1,717.9,1,13.1,-9.3
2025-12-09T01:10:00-05:00,2025-12-09 01:10:00,9.4,9.4,-11.2,0,0,0,118,0,0,3.6,0,182.8,1014,22,0,0,13.1,20,1,718.1,1,13.1,-9.3
2025-12-09T01:05:00-05:00,2025-12-09 01:05:00,9.5,9.5,-10.6,0,0,0,263,0,0,3.6,0,182.8,1014,23,0,0,13.2,20,1,718.1,1,13.2,-9.3
2025-12-09T01:00:00-05:00,2025-12-09 01:00:00,9.4,9.4,-11.2,0,0,0,107,0,0,3.6,0,182.8,1013.9,22,0,0,13.3,20,1,718,1,13.3,-9.2
2025-12-09T00:55:00-05:00,2025-12-09 00:55:00,9.4,9.4,-10.7,0,0,7.2,189,0,0,3.6,0,182.8,1014,23,0,0,13.3,21,1,718.1,1,13.3,-8.6
2025-12-09T00:50:00-05:00,2025-12-09 00:50:00,9.3,9.3,-10.8,0,0,7.2,60,0,0,3.6,0,182.8,1014,23,0,0,13.4,21,1,718.1,1,13.4,-8.5
2025-12-09T00:45:00-05:00,2025-12-09 00:45:00,9.6,9.6,-10.5,0,0,7.2,345,0,0,3.6,0,182.8,1014.2,23,0,0,13.4,21,1,718.3,1,13.4,-8.5
2025-12-09T00:40:00-05:00,2025-12-09 00:40:00,9.5,9.5,-10.6,0,0,7.2,52,0,0,3.6,0,182.8,1014.1,23,0,0,13.4,20,1,718.2,1,13.4,-9.1
2025-12-09T00:36:00-05:00,2025-12-09 00:36:00,9.6,9.6,-10.5,0,0,7.2,246,0,0,3.6,0,182.8,1014.2,23,0,0,13.5,20,1,718.3,1,13.5,-9
2025-12-09T00:30:00-05:00,2025-12-09 00:30:00,9.4,9.4,-11.2,0,0,7.2,309,0,0,3.6,0,182.8,1014.1,22,0,0,13.6,20,1,718.2,1,13.6,-8.9
2025-12-09T00:25:00-05:00,2025-12-09 00:25:00,9.6,9.6,-10,0,0,7.2,293,0,0,3.6,0,182.8,1014.1,24,0,0,13.6,20,1,718.2,1,13.6,-8.9
2025-12-09T00:20:00-05:00,2025-12-09 00:20:00,9.5,9.5,-11.2,0,0,7.2,284,0,0,3.6,0,182.8,1014.4,22,0,0,13.7,21,1,718.5,1,13.7,-8.2
2025-12-09T00:15:00-05:00,2025-12-09 00:15:00,9.6,9.6,-10.5,0,0,7.2,334,0,0,3.6,0,182.8,1014.2,23,0,0,13.7,20,1,718.3,1,13.7,-8.8
2025-12-09T00:10:00-05:00,2025-12-09 00:10:00,9.6,9.6,-10.5,0,0,7.2,306,0,0,3.6,0,182.8,1014.4,23,0,0,13.8,20,1,718.5,1,13.8,-8.8
2025-12-09T00:05:00-05:00,2025-12-09 00:05:00,9.7,9.7,-10.4,0,0,7.2,316,0,0,3.6,0,182.8,1014.3,23,0,0,13.8,20,1,718.4,1,13.8,-8.8
2025-12-09T00:00:00-05:00,2025-12-09 00:00:00,9.7,9.7,-10.4,0,0,7.2,48,0,0,3.6,0,182.8,1014.6,23,0,0,13.9,20,1,718.7,1,13.9,-8.7
2025-12-08T23:55:00-05:00,2025-12-08 23:55:00,9.7,9.7,-10.4,0,0,7.2,47,0,0,3.6,0,182.8,1014.6,23,0,0,13.9,21,1,718.7,1,13.9,-8.1
2025-12-08T23:50:00-05:00,2025-12-08 23:50:00,9.8,9.8,-10.9,0,0,7.2,315,0,0,3.6,0,182.8,1014.5,22,0,0,14,20,1,718.6,1,14,-8.6
2025-12-08T23:45:00-05:00,2025-12-08 23:45:00,9.8,9.8,-10.4,0,0,7.2,82,0,0,3.6,0,182.8,1014.6,23,0,0,14.1,20,1,718.7,1,14.1,-8.5
2025-12-08T23:40:00-05:00,2025-12-08 23:40:00,9.8,9.8,-10.9,0,0,7.2,258,0,0,3.6,0,182.8,1014.8,22,0,0,14.2,21,1,718.9,1,14.2,-7.8
2025-12-08T23:36:00-05:00,2025-12-08 23:36:00,9.9,9.9,-10.8,0,0,7.2,82,0,0,3.6,0,182.8,1014.6,22,0,0,14.2,20,1,718.7,1,14.2,-8.4
2025-12-08T23:30:00-05:00,2025-12-08 23:30:00,9.7,9.7,-10.4,0,0,7.2,46,0,0,3.6,0,182.8,1014.7,23,0,0,14.3,21,1,718.8,1,14.3,-7.8
2025-12-08T23:25:00-05:00,2025-12-08 23:25:00,10,10,-10.2,0,0,7.2,219,0,0,3.6,0,182.8,1014.5,23,0,0,14.4,21,1,718.6,1,14.4,-7.7
2025-12-08T23:20:00-05:00,2025-12-08 23:20:00,10,10,-10.7,0,0,7.2,116,0,0,3.6,0,182.8,1014.7,22,0,0,14.4,21,1,718.8,1,14.4,-7.7
2025-12-08T23:15:00-05:00,2025-12-08 23:15:00,10.2,10.2,-10.5,0,0,7.2,39,0,0,3.6,0,182.8,1014.6,22,0,0,14.5,21,1,718.7,1,14.5,-7.6
2025-12-08T23:10:00-05:00,2025-12-08 23:10:00,9.8,9.8,-10.4,0,0,5.4,47,0,0,3.6,0,182.8,1014.5,23,0,0,14.5,21,1,718.6,1,14.5,-7.6
2025-12-08T23:05:00-05:00,2025-12-08 23:05:00,9.9,9.9,-10.8,0,0,5.4,283,0,0,3.6,0,182.8,1014.7,22,0,0,14.6,21,1,718.8,1,14.6,-7.5
2025-12-08T23:00:00-05:00,2025-12-08 23:00:00,9.9,9.9,-10.3,0,0,5.4,220,0,0,3.6,0,182.8,1014.6,23,0,0,14.6,21,1,718.7,1,14.6,-7.5
2025-12-08T22:55:00-05:00,2025-12-08 22:55:00,10.2,10.2,-10.5,0,0,5.4,106,0,0,3.6,0,182.8,1014.7,22,0,0,14.7,20,1,718.8,1,14.7,-8
2025-12-08T22:50:00-05:00,2025-12-08 22:50:00,10.1,10.1,-10.1,0,0,5.4,78,0,0,3.6,0,182.8,1014.8,23,0,0,14.8,21,1,718.9,1,14.8,-7.3
2025-12-08T22:45:00-05:00,2025-12-08 22:45:00,10,10,-10.2,0,0,5.4,26,0,0,3.6,0,182.8,1014.8,23,0,0,14.9,21,1,718.9,1,14.9,-7.2
2025-12-08T22:40:00-05:00,2025-12-08 22:40:00,10.2,10.2,-10,0,0,5.4,277,0,0,3.6,0,182.8,1014.6,23,0,0,14.9,21,1,718.7,1,14.9,-7.2
2025-12-08T22:35:00-05:00,2025-12-08 22:35:00,10,10,-10.2,0,0,5.4,21,0,0,3.6,0,182.8,1014.8,23,0,0,15,21,1,718.9,1,15,-7.2
2025-12-08T22:30:00-05:00,2025-12-08 22:30:00,10.2,10.2,-10,0,0,5.4,104,0,0,3.6,0,182.8,1014.7,23,0,0,15.1,21,1,718.8,1,15.1,-7.1
2025-12-08T22:25:00-05:00,2025-12-08 22:25:00,10.2,10.2,-10,0,0,5.4,289,0,0,3.6,0,182.8,1014.7,23,0,0,15.2,21,1,718.8,1,15.2,-6.9
2025-12-08T22:20:00-05:00,2025-12-08 22:20:00,10.1,10.1,-10.1,0,0,5.4,277,0,0,3.6,0,182.8,1014.7,23,0,0,15.2,21,1,718.8,1,15.2,-6.9
2025-12-08T22:15:00-05:00,2025-12-08 22:15:00,10.2,10.2,-10,0,0,5.4,326,0,0,3.6,0,182.8,1014.8,23,0,0,15.2,21,1,718.9,1,15.2,-6.9
2025-12-08T22:10:00-05:00,2025-12-08 22:10:00,10.4,10.4,-9.8,0,0,5.4,78,0,0,3.6,0,182.8,1014.9,23,0,0,15.3,21,1,719,1,15.3,-6.9
2025-12-08T22:05:00-05:00,2025-12-08 22:05:00,10.3,10.3,-9.9,0,0,5.4,191,0,0,3.6,0,182.8,1014.9,23,0,0,15.5,21,1,719,1,15.5,-6.7
2025-12-08T22:00:00-05:00,2025-12-08 22:00:00,10.2,10.2,-10,0,0,5.4,355,0,0,3.6,0,182.8,1014.8,23,0,0,15.6,21,1,718.9,1,15.6,-6.7
2025-12-08T21:55:00-05:00,2025-12-08 21:55:00,10.2,10.2,-10,0,0,5.4,90,0,0,3.6,0,182.8,1014.8,23,0,0,15.7,21,1,718.9,1,15.7,-6.6
2025-12-08T21:50:00-05:00,2025-12-08 21:50:00,10,10,-9.6,0,0,5.4,294,0,0,3.6,0,182.8,1015,24,0,0,15.8,22,1,719.1,1,15.8,-5.9
2025-12-08T21:45:00-05:00,2025-12-08 21:45:00,10.4,10.4,-9.3,0,0,5.4,293,0,0,3.6,0,182.8,1015,24,0,0,15.8,21,1,719.1,1,15.8,-6.5
2025-12-08T21:40:00-05:00,2025-12-08 21:40:00,10.4,10.4,-10.4,0,0,5.4,285,0,0,3.6,0,182.8,1015,22,0,0,15.9,22,1,719.1,1,15.9,-5.8
2025-12-08T21:35:00-05:00,2025-12-08 21:35:00,10.5,10.5,-9.2,0,0,5.4,92,0,0,3.6,0,182.8,1014.9,24,0,0,15.8,21,1,719,1,15.8,-6.5
2025-12-08T21:30:00-05:00,2025-12-08 21:30:00,10.6,10.6,-10.2,0,0,5.4,173,0,0,3.6,0,182.8,1015,22,0,0,15.9,21,1,719.1,1,15.9,-6.4
2025-12-08T21:25:00-05:00,2025-12-08 21:25:00,10.6,10.6,-10.2,0,0,5.4,46,0,0,3.6,0,182.8,1015.1,22,0,0,16,21,1,719.2,1,16,-6.3
2025-12-08T21:20:00-05:00,2025-12-08 21:20:00,10.5,10.5,-9.2,0,0,5.4,49,0,0,3.6,0,182.8,1015,24,0,0,16.1,21,1,719.1,1,16.1,-6.2
2025-12-08T21:15:00-05:00,2025-12-08 21:15:00,10.5,10.5,-9.2,0,0,5.4,317,0,0,3.6,0,182.8,1015,24,0,0,16.3,22,1,719.1,1,16.3,-5.5
2025-12-08T21:10:00-05:00,2025-12-08 21:10:00,10.4,10.4,-9.3,0,0,5.4,96,0,0,3.6,0,182.8,1014.9,24,0,0,16.3,22,1,719,1,16.3,-5.5
2025-12-08T21:05:00-05:00,2025-12-08 21:05:00,10.4,10.4,-8.8,0,0,5.4,71,0,0,3.6,0,182.8,1014.8,25,0,0,16.5,22,1,718.9,1,16.5,-5.3
2025-12-08T21:00:00-05:00,2025-12-08 21:00:00,10.4,10.4,-8.8,0,0,5.4,240,0,0,3.6,0,182.8,1014.9,25,0,0,16.6,22,1,719,1,16.6,-5.2
2025-12-08T20:55:00-05:00,2025-12-08 20:55:00,10.5,10.5,-8.2,0,0,5.4,95,0,0,3.6,0,182.8,1014.9,26,0,0,16.7,23,1,719,1,16.7,-4.5
2025-12-08T20:50:00-05:00,2025-12-08 20:50:00,10.5,10.5,-8.7,0,0,5.4,358,0,0,3.6,0,182.8,1014.9,25,0,0,16.8,22,1,719,1,16.8,-5.1
2025-12-08T20:45:00-05:00,2025-12-08 20:45:00,10.3,10.3,-8.4,0,0,5.4,64,0,0,3.6,0,182.8,1014.7,26,0,0,16.9,22,1,718.8,1,16.9,-4.9
2025-12-08T20:40:00-05:00,2025-12-08 20:40:00,10.4,10.4,-7.8,0,0,5.4,134,0,0,3.6,0,182.8,1014.7,27,0,0,17,23,1,718.8,1,17,-4.3
2025-12-08T20:35:00-05:00,2025-12-08 20:35:00,10.5,10.5,-7.7,0,0,5.4,70,0,0,3.6,0,182.8,1014.9,27,0,0,17.1,23,1,719,1,17.1,-4.2
2025-12-08T20:30:00-05:00,2025-12-08 20:30:00,10.5,10.5,-7.7,0,0,5.4,86,0,0,3.6,0,182.8,1014.7,27,0,0,17.2,23,1,718.8,1,17.2,-4.1
2025-12-08T20:25:00-05:00,2025-12-08 20:25:00,10.5,10.5,-7.7,0,0,5.4,70,0,0,3.6,0,182.8,1014.6,27,0,0,17.3,23,1,718.7,1,17.3,-4.1
2025-12-08T20:20:00-05:00,2025-12-08 20:20:00,10.6,10.6,-7.1,0,0,5.4,279,0,0,3.6,0,182.8,1014.8,28,0,0,17.3,24,1,718.9,1,17.3,-3.5
2025-12-08T20:15:00-05:00,2025-12-08 20:15:00,10.6,10.6,-7.1,0,0,5.4,117,0,0,3.6,0,182.8,1014.7,28,0,0,17.4,23,1,718.8,1,17.4,-3.9
2025-12-08T20:10:00-05:00,2025-12-08 20:10:00,10.5,10.5,-6.8,0,0,5.4,5,0,0,3.6,0,182.8,1014.7,29,0,0,17.6,24,1,718.8,1,17.6,-3.2
2025-12-08T20:05:00-05:00,2025-12-08 20:05:00,10.6,10.6,-6.2,0,0,5.4,92,0,0,3.6,0,182.8,1014.7,30,0,0,17.6,24,1,718.8,1,17.6,-3.2
2025-12-08T20:00:00-05:00,2025-12-08 20:00:00,10.6,10.6,-6.2,0,0,5.4,63,0,0,3.6,0,182.8,1014.5,30,0,0,17.6,24,1,718.6,1,17.6,-3.2
2025-12-08T19:55:00-05:00,2025-12-08 19:55:00,10.7,10.7,-6.1,0,0,5.4,337,0,0,3.6,0,182.8,1014.6,30,0,0,17.7,23,1,718.7,1,17.7,-3.7
2025-12-08T19:50:00-05:00,2025-12-08 19:50:00,10.8,10.8,-5.7,0,0,5.4,141,0,0,3.6,0,182.8,1014.5,31,0,0,17.8,24,1,718.6,1,17.8,-3.1
2025-12-08T19:45:00-05:00,2025-12-08 19:45:00,10.8,10.8,-5.3,0,0,5.4,146,0,0,3.6,0,182.8,1014.4,32,0,0,17.9,24,1,718.5,1,17.9,-2.9
2025-12-08T19:40:00-05:00,2025-12-08 19:40:00,10.8,10.8,-5.7,0,0,5.4,147,0,0,3.6,0,182.8,1014.4,31,0,0,18.1,24,1,718.5,1,18.1,-2.8
2025-12-08T19:35:00-05:00,2025-12-08 19:35:00,10.9,10.9,-5.2,0,0,5.4,274,0,0,3.6,0,182.8,1014.3,32,0,0,18.2,24,1,718.4,1,18.2,-2.7
2025-12-08T19:30:00-05:00,2025-12-08 19:30:00,10.8,10.8,-5.3,0,0,5.4,74,0,0,3.6,0,182.8,1014.5,32,0,0,18.4,24,1,718.6,1,18.4,-2.6
2025-12-08T19:25:00-05:00,2025-12-08 19:25:00,10.8,10.8,-4.8,0,0,5.4,56,0,0,3.6,0,182.8,1014.3,33,0,0,18.5,25,1,718.4,1,18.5,-1.9
2025-12-08T19:20:00-05:00,2025-12-08 19:20:00,10.9,10.9,-4.8,0,0,5.4,12,0,0,3.6,0,182.8,1014.2,33,0,0,18.7,26,1,718.3,1,18.7,-1.2
2025-12-08T19:15:00-05:00,2025-12-08 19:15:00,11.1,11.1,-3.4,0,0,5.4,293,0,0,3.6,0,182.8,1014.2,36,0,0,18.8,26,1,718.3,1,18.8,-1.1
2025-12-08T19:10:00-05:00,2025-12-08 19:10:00,11,11,-3.1,0,0,5.4,278,0,0,3.6,0,182.8,1014.1,37,0,0,19,25,1,718.2,1,19,-1.5
2025-12-08T19:05:00-05:00,2025-12-08 19:05:00,10.9,10.9,-3.6,0,0,5.4,285,0,0,3.6,0,182.8,1014.2,36,0,0,19.1,26,1,718.3,1,19.1,-0.8
2025-12-08T19:00:00-05:00,2025-12-08 19:00:00,11,11,-3.1,0,0,5.4,40,0,0,3.6,0,182.8,1014.2,37,0,0,19.4,26,1,718.3,1,19.4,-0.6
2025-12-08T18:55:00-05:00,2025-12-08 18:55:00,11.6,11.6,-3.3,0,0,5.4,108,0,0,3.6,0,182.8,1014.1,35,0,0,19.5,27,1,718.2,1,19.5,0
2025-12-08T18:50:00-05:00,2025-12-08 18:50:00,11.5,11.5,-3.4,0,0,5.4,269,0,0,3.6,0,182.8,1014.1,35,0,0,19.6,27,1,718.2,1,19.6,0.1
2025-12-08T18:45:00-05:00,2025-12-08 18:45:00,11.7,11.7,-2.5,0,0,5.4,280,0,0,3.6,0,182.8,1014.1,37,0,0,19.8,26,1,718.2,1,19.8,-0.3
2025-12-08T18:40:00-05:00,2025-12-08 18:40:00,11.9,11.9,-2.3,0,0,5.4,285,0,0,3.6,0,182.8,1014,37,0,0,20.1,27,1,718.1,1,18.9,0.5
2025-12-08T18:35:00-05:00,2025-12-08 18:35:00,11.9,11.9,-2.3,0,0,5.4,50,0,0,3.6,0,182.8,1013.9,37,0,0,20.2,27,1,718,1,19,0.6
2025-12-08T18:30:00-05:00,2025-12-08 18:30:00,12,12,-1.2,0,0,5.4,124,0,0,3.6,0,182.8,1013.8,40,0,0.1,20.5,28,1,717.9,1,19.3,1.3
2025-12-08T18:25:00-05:00,2025-12-08 18:25:00,12.1,12.1,-1.1,0,0,5.4,85,0,0,3.6,0,182.8,1013.7,40,0,0.3,20.6,28,1,717.8,1,19.4,1.4
2025-12-08T18:20:00-05:00,2025-12-08 18:20:00,12,12,-0.2,0,0,5.4,107,0,0,3.6,0,182.8,1013.9,43,0,1,20.9,28,1,718,1,19.8,1.7
2025-12-08T18:15:00-05:00,2025-12-08 18:15:00,12.3,12.3,0.1,0,0,5.4,88,0,0,3.6,0,182.8,1013.7,43,0,2.2,21.1,29,1,717.8,1,20.1,2.4
2025-12-08T18:10:00-05:00,2025-12-08 18:10:00,12.6,12.6,0.7,0,0,5.4,342,0,0,3.6,0,182.8,1013.6,44,0,4.3,21.4,30,1,717.7,1,20.4,3.1
2025-12-08T18:05:00-05:00,2025-12-08 18:05:00,13.1,13.1,0.8,0,0,5.4,39,0,0,3.6,0,182.8,1013.8,43,0,7.2,21.6,30,1,717.9,1,20.6,3.3
2025-12-08T18:00:00-05:00,2025-12-08 18:00:00,14,14,1,0,0,5.4,291,0,0,3.6,0,182.8,1013.5,41,0,10.6,21.7,30,1,717.6,1,20.7,3.4
2025-12-08T17:55:00-05:00,2025-12-08 17:55:00,15,15,1.9,0,0,5.4,284,0,0,3.6,0,182.8,1013.6,41,0,17,21.8,30,1,717.7,1,20.8,3.4
2025-12-08T17:50:00-05:00,2025-12-08 17:50:00,15.2,15.2,2.4,0,0,5.4,90,0,0,3.6,0,182.8,1013.5,42,0,22.1,22,29,1,717.6,1,21,3.2
2025-12-08T17:45:00-05:00,2025-12-08 17:45:00,15.8,15.8,2.6,0,0,5.4,267,0,0,3.6,0,182.8,1013.5,41,0,27.5,22.1,30,1,717.6,1,21.2,3.7
2025-12-08T17:40:00-05:00,2025-12-08 17:40:00,16.5,16.5,3.5,0,0,5.4,268,0,0,3.6,0,182.8,1013.4,42,0,29.7,22.2,30,1,717.5,1,21.3,3.8
2025-12-08T17:35:00-05:00,2025-12-08 17:35:00,16.4,16.4,2.8,0,0,5.4,280,0,0,3.6,0,182.8,1013.6,40,0,34.1,22.3,30,1,717.7,1,21.3,3.8
2025-12-08T17:30:00-05:00,2025-12-08 17:30:00,17.5,17.5,4.8,0,0,5.4,274,0,0,3.6,0,182.8,1013.7,43,0,45,22.4,30,1,717.8,1,21.4,3.9
2025-12-08T17:25:00-05:00,2025-12-08 17:25:00,17.6,17.6,4.2,0,0,5.4,276,0,0,3.6,0,182.8,1013.6,41,0,50.4,22.5,30,1,717.7,1,21.6,4.1
2025-12-08T17:20:00-05:00,2025-12-08 17:20:00,16.7,16.7,5.3,0,0,5.4,271,0,0,3.6,0,182.8,1013.6,47,0,58.8,22.6,30,1,717.7,1,21.7,4.2
2025-12-08T17:15:00-05:00,2025-12-08 17:15:00,17.3,17.3,6.5,0,0,5.4,234,0,0,3.6,0,182.8,1013.5,49,0,65.8,22.6,30,1,717.6,1,21.7,4.2
2025-12-08T17:10:00-05:00,2025-12-08 17:10:00,17.9,17.9,6.7,0,0,5.4,271,0,0,3.6,0,182.8,1013.5,48,0,76.5,22.7,30,1,717.6,1,21.8,4.2
2025-12-08T17:05:00-05:00,2025-12-08 17:05:00,18,18,7.4,0,0,5.4,279,0,0,3.6,0,182.8,1013.5,50,0,55.9,22.7,29,1,717.6,1,21.8,3.8
2025-12-08T17:00:00-05:00,2025-12-08 17:00:00,18,18,7.1,0,0,5.4,261,0,0,3.6,0,182.8,1013.5,49,0,73,22.7,29,1,717.6,1,21.8,3.8
2025-12-08T16:55:00-05:00,2025-12-08 16:55:00,17.5,17.5,6.7,0,0,5.4,218,0,0,3.6,0,182.8,1013.5,49,0,98.7,22.7,29,1,717.6,1,21.8,3.8
2025-12-08T16:50:00-05:00,2025-12-08 16:50:00,17.1,17.1,6.9,0,0,5.4,260,0,0,3.6,0,182.8,1013.5,51,1,116.9,22.7,29,1,717.6,1,21.8,3.8
2025-12-08T16:45:00-05:00,2025-12-08 16:45:00,18,18,6.5,0,0,5.4,244,0,0,3.6,0,182.8,1013.5,47,1,122.5,22.8,28,1,717.6,1,21.8,3.3
2025-12-08T16:40:00-05:00,2025-12-08 16:40:00,18,18,7.1,0,0,5.4,259,0,0,3.6,0,182.8,1013.2,49,1,147.4,22.9,28,1,717.3,1,21.9,3.4
2025-12-08T16:35:00-05:00,2025-12-08 16:35:00,18.2,18.2,6.7,0,0,5.4,280,0,0,3.6,0,182.8,1013.6,47,1,176.3,22.9,27,1,717.7,1,21.9,2.9
2025-12-08T16:30:00-05:00,2025-12-08 16:30:00,18.3,18.3,7.1,0,0,5.4,255,0,0,3.6,0,182.8,1013.4,48,1,194.7,22.8,26,1,717.5,1,21.8,2.3
2025-12-08T16:25:00-05:00,2025-12-08 16:25:00,18.5,18.5,5.7,0,0,5.4,267,0,0,3.6,0,182.8,1013.5,43,2,207.2,22.8,26,1,717.6,1,21.8,2.3
2025-12-08T16:20:00-05:00,2025-12-08 16:20:00,18.6,18.6,4.4,0,0,5.4,270,0,0,3.6,0,182.8,1013.5,39,2,225.1,22.9,25,1,717.6,1,21.9,1.8
2025-12-08T16:15:00-05:00,2025-12-08 16:15:00,18.7,18.7,4.8,0,0,5.4,284,0,0,3.6,0,182.8,1013.5,40,2,243.1,23,25,1,717.6,1,22,1.9
2025-12-08T16:10:00-05:00,2025-12-08 16:10:00,18.8,18.8,0.4,0,0,5.4,263,0,0,3.6,0,182.8,1013.5,29,2,261.3,23,25,1,717.6,1,22,1.9
2025-12-08T16:05:00-05:00,2025-12-08 16:05:00,18.7,18.7,3.7,0,0,5.4,258,0,0,3.6,0,182.8,1013.4,37,2,275.8,23.1,25,1,717.5,1,22.1,2
2025-12-08T16:00:00-05:00,2025-12-08 16:00:00,18.4,18.4,4.5,0,0,5.4,256,0,0,3.6,0,182.8,1013.3,40,2,293.1,23.1,24,1,717.4,1,22.1,1.4
2025-12-08T15:55:00-05:00,2025-12-08 15:55:00,18.8,18.8,3.8,0,0,5.4,255,0,0,3.6,0,182.8,1013.3,37,3,308.2,23,24,1,717.4,1,22,1.3
2025-12-08T15:50:00-05:00,2025-12-08 15:50:00,18.3,18.3,-0.1,0,0,5.4,278,0,0,3.6,0,182.8,1013.1,29,3,327.8,23,24,1,717.2,1,22,1.3
2025-12-08T15:45:00-05:00,2025-12-08 15:45:00,18.5,18.5,-0.9,0,0,5.4,246,0,0,3.6,0,182.8,1013.2,27,3,345.6,23,24,1,717.3,1,22,1.3
2025-12-08T15:40:00-05:00,2025-12-08 15:40:00,19.1,19.1,-1.4,0,0,5.4,260,0,0,3.6,0,182.8,1013.1,25,3,360.9,23,24,1,717.2,1,22,1.3
2025-12-08T15:35:00-05:00,2025-12-08 15:35:00,19.6,19.6,2.5,0,0,5.4,244,0,0,3.6,0,182.8,1013.3,32,3,374.8,23,24,1,717.4,1,22,1.3
2025-12-08T15:30:00-05:00,2025-12-08 15:30:00,19.5,19.5,0.5,0,0,5.4,208,0,0,3.6,0,182.8,1013.1,28,4,426.2,22.9,23,1,717.2,1,21.8,0.7
2025-12-08T15:25:00-05:00,2025-12-08 15:25:00,19.1,19.1,0.2,0,0,5.4,233,0,0,3.6,0,182.8,1013.3,28,4,438.7,22.9,24,1,717.4,1,21.8,1.2
2025-12-08T15:20:00-05:00,2025-12-08 15:20:00,19.1,19.1,3.7,0,0,5.4,286,0,0,3.6,0,182.8,1013.2,36,4,458.3,22.9,24,1,717.3,1,21.8,1.2
2025-12-08T15:15:00-05:00,2025-12-08 15:15:00,19.1,19.1,2,0,0,5.4,276,0,0,3.6,0,182.8,1013.2,32,4,470.9,22.9,24,1,717.3,1,21.8,1.2
2025-12-08T15:10:00-05:00,2025-12-08 15:10:00,18.7,18.7,0.3,0,0,5.4,287,0,0,3.6,0,182.8,1013.3,29,4,482,22.8,24,1,717.4,1,21.7,1.2
2025-12-08T15:05:00-05:00,2025-12-08 15:05:00,18.1,18.1,0.7,0,0,5.4,252,0,0,3.6,0,182.8,1013.3,31,4,500.8,22.8,24,1,717.4,1,21.7,1.2
2025-12-08T15:00:00-05:00,2025-12-08 15:00:00,18.5,18.5,4.3,0,0,5.4,252,0,0,3.6,0,182.8,1013.3,39,4,478.9,22.8,24,1,717.4,1,21.7,1.2
2025-12-08T14:55:00-05:00,2025-12-08 14:55:00,18.7,18.7,1.7,0,0,5.4,128,0,0,3.6,0,182.8,1013.3,32,4,489.8,22.7,23,1,717.4,1,21.7,0.5
2025-12-08T14:50:00-05:00,2025-12-08 14:50:00,18,18,1.5,0,0,5.4,251,0,0,3.6,0,182.8,1013.3,33,4,507.5,22.7,23,1,717.4,1,21.7,0.5
2025-12-08T14:45:00-05:00,2025-12-08 14:45:00,18.7,18.7,2.5,0,0,5.4,262,0,0,3.6,0,182.8,1013.5,34,5,519.5,22.7,22,1,717.6,1,21.6,-0.1
2025-12-08T14:40:00-05:00,2025-12-08 14:40:00,18.5,18.5,-0.9,0,0,5.4,228,0,0,3.6,0,182.8,1013.4,27,5,534.4,22.6,22,1,717.5,1,21.5,-0.2
2025-12-08T14:35:00-05:00,2025-12-08 14:35:00,17.9,17.9,-1.4,0,0,5.4,273,0,0,3.6,0,182.8,1013.5,27,5,547.3,22.6,22,1,717.6,1,21.5,-0.2
2025-12-08T14:30:00-05:00,2025-12-08 14:30:00,17.4,17.4,-2.3,0,0,5.4,255,0,0,3.6,0,182.8,1013.5,26,5,559.1,22.5,22,1,717.6,1,21.4,-0.3
2025-12-08T14:25:00-05:00,2025-12-08 14:25:00,17.9,17.9,0.1,0,0,5.4,238,0,0,3.6,0,182.8,1013.6,30,5,567.3,22.4,22,1,717.7,1,21.3,-0.4
2025-12-08T14:20:00-05:00,2025-12-08 14:20:00,18,18,-2.3,0,0,5.4,274,0,0,3.6,0,182.8,1013.6,25,5,578.9,22.3,22,1,717.7,1,21.1,-0.4
2025-12-08T14:15:00-05:00,2025-12-08 14:15:00,17.4,17.4,2.2,0,0,5.4,247,0,0,3.6,0,182.8,1013.4,36,5,585.4,22.4,22,1,717.5,1,21.3,-0.4
2025-12-08T14:10:00-05:00,2025-12-08 14:10:00,17.4,17.4,0.1,0,0,5.4,279,0,0,3.6,0,182.8,1013.5,31,5,599.9,22.4,21,1,717.6,1,21.2,-1
2025-12-08T14:05:00-05:00,2025-12-08 14:05:00,17.7,17.7,0.8,0,0,5.4,238,0,0,3.6,0,182.8,1013.5,32,5,607.3,22.4,19,1,717.6,1,21.2,-2.4
2025-12-08T14:00:00-05:00,2025-12-08 14:00:00,18.3,18.3,-2.6,0,0,5.4,237,0,0,3.6,0,182.8,1013.6,24,6,623,22.6,20,1,717.7,1,21.4,-1.5
2025-12-08T13:55:00-05:00,2025-12-08 13:55:00,17.9,17.9,-0.4,0,0,5.4,243,0,0,3.6,0,182.8,1013.5,29,6,626.9,22.7,20,1,717.6,1,21.6,-1.4
2025-12-08T13:50:00-05:00,2025-12-08 13:50:00,18.5,18.5,-1.9,0,0,5.4,275,0,0,3.6,0,182.8,1013.6,25,6,639.1,22.7,19,1,717.7,1,21.6,-2.1
2025-12-08T13:45:00-05:00,2025-12-08 13:45:00,18.1,18.1,-3.4,0,0,5.4,316,0,0,3.6,0,182.8,1013.5,23,6,644.3,22.7,19,1,717.6,1,21.6,-2.1
2025-12-08T13:40:00-05:00,2025-12-08 13:40:00,18.5,18.5,-5.6,0,0,5.4,274,0,0,3.6,0,182.8,1013.8,19,6,651.7,22.6,19,1,717.9,1,21.4,-2.2
2025-12-08T13:35:00-05:00,2025-12-08 13:35:00,18.7,18.7,-6.1,0,0,5.4,277,0,0,3.6,0,182.8,1013.6,18,6,657.4,22.7,19,1,717.7,1,21.6,-2.1
2025-12-08T13:30:00-05:00,2025-12-08 13:30:00,18.6,18.6,-3.5,0,0,5.4,275,0,0,3.6,0,182.8,1013.8,22,6,667.1,22.6,19,1,717.9,1,21.4,-2.2
2025-12-08T13:25:00-05:00,2025-12-08 13:25:00,18.3,18.3,-5.7,0,0,5.4,212,0,0,3.6,0,182.8,1013.6,19,6,668.8,22.6,19,1,717.7,1,21.4,-2.2
2025-12-08T13:20:00-05:00,2025-12-08 13:20:00,18.4,18.4,-5,0,0,5.4,229,0,0,3.6,0,182.8,1013.8,20,6,683,22.6,19,1,717.9,1,21.4,-2.2
2025-12-08T13:15:00-05:00,2025-12-08 13:15:00,18.5,18.5,-4.9,0,0,5.4,267,0,0,3.6,0,182.8,1013.7,20,6,691.4,22.6,20,1,717.8,1,21.4,-1.5
2025-12-08T13:10:00-05:00,2025-12-08 13:10:00,18.3,18.3,-3.8,0,0,5.4,246,0,0,3.6,0,182.8,1013.8,22,6,697.9,22.5,20,1,717.9,1,21.3,-1.6
2025-12-08T13:05:00-05:00,2025-12-08 13:05:00,18.6,18.6,-5.5,0,0,5.4,244,0,0,3.6,0,182.8,1014,19,6,702,22.5,20,1,718.1,1,21.3,-1.6
2025-12-08T13:00:00-05:00,2025-12-08 13:00:00,18,18,-4.7,0,0,5.4,221,0,0,3.6,0,182.8,1013.9,21,6,706.4,22.4,19,1,718,1,21.2,-2.4
2025-12-08T12:55:00-05:00,2025-12-08 12:55:00,18.2,18.2,-5.8,0,0,5.4,255,0,0,3.6,0,182.8,1014,19,6,711.3,22.3,19,1,718.1,1,21.1,-2.4
2025-12-08T12:50:00-05:00,2025-12-08 12:50:00,18.2,18.2,-5.1,0,0,5.4,258,0,0,3.6,0,182.8,1013.9,20,6,711.8,22.2,19,1,718,1,21,-2.5
2025-12-08T12:45:00-05:00,2025-12-08 12:45:00,18.6,18.6,-8.5,0,0,5.4,256,0,0,3.6,0,182.8,1014.2,15,7,718.8,22.3,19,1,718.3,1,21.1,-2.4
2025-12-08T12:40:00-05:00,2025-12-08 12:40:00,18.4,18.4,-6.4,0,0,5.4,208,0,0,3.6,0,182.8,1014,18,7,723.1,22.2,20,1,718.1,1,21,-1.8
2025-12-08T12:35:00-05:00,2025-12-08 12:35:00,18.2,18.2,-7.2,0,0,5.4,278,0,0,3.6,0,182.8,1014.3,17,7,730,22.1,20,1,718.4,1,20.9,-1.9
2025-12-08T12:30:00-05:00,2025-12-08 12:30:00,18.2,18.2,-5.8,0,0,5.4,222,0,0,3.6,0,182.8,1014.2,19,7,732.7,22,20,1,718.3,1,20.8,-2
2025-12-08T12:26:00-05:00,2025-12-08 12:26:00,18.1,18.1,-2.8,0,0,5.4,254,0,0,3.6,0,182.8,1014.1,24,7,732.8,21.9,20,1,718.2,1,20.7,-2.1
2025-12-08T12:20:00-05:00,2025-12-08 12:20:00,18.2,18.2,-5.1,0,0,5.4,278,0,0,3.6,0,182.8,1014.2,20,7,736,21.8,20,1,718.3,1,20.6,-2.2
2025-12-08T12:15:00-05:00,2025-12-08 12:15:00,18.2,18.2,-4.5,0,0,5.4,256,0,0,3.6,0,182.8,1014.3,21,7,735.7,21.7,20,1,718.4,1,20.4,-2.2
2025-12-08T12:10:00-05:00,2025-12-08 12:10:00,18.5,18.5,-4.2,0,0,5.4,225,0,0,3.6,0,182.8,1014.3,21,7,735.9,21.6,20,1,718.4,1,20.3,-2.3
2025-12-08T12:05:00-05:00,2025-12-08 12:05:00,18.4,18.4,-3.7,0,0,5.4,260,0,0,3.6,0,182.8,1014.1,22,7,739.9,21.4,20,1,718.2,1,20.1,-2.5
2025-12-08T12:00:00-05:00,2025-12-08 12:00:00,18,18,-3.4,0,0,5.4,253,0,0,3.6,0,182.8,1014.3,23,7,739.5,21.3,20,1,718.4,1,20,-2.6
2025-12-08T11:55:00-05:00,2025-12-08 11:55:00,18.1,18.1,-5.9,0,0,5.4,283,0,0,3.6,0,182.8,1014.4,19,7,737,21.1,20,1,718.5,1,19.8,-2.7
2025-12-08T11:51:00-05:00,2025-12-08 11:51:00,17.9,17.9,-4.1,0,0,5.4,233,0,0,3.6,0,182.8,1014.4,22,7,736.3,21,20,1,718.5,1,19.7,-2.8